{
	"isUserStudy": true,
	"initialSurveyUrl": "https://docs.google.com/forms/d/e/1FAIpQLSdWQa1AkVc5vV0VhdOYQLGgK77Pw-LEpmsuCBKpdo7QQopWbg/viewform?usp=pp_url&entry.784114392=",
	"finalSurveyUrl": "https://docs.google.com/forms/d/e/1FAIpQLSefhPyHJs9x-_v0WxQ5aI3kGF3hfXNZH2vk3KMx1C8CnoZSGw/viewform?usp=pp_url&entry.1172212682=",
	"logServerUrl": "https://script.google.com/macros/s/AKfycbwGx2_5a6IwcNI2YZuz2AZvb1J-7Y8Ulk5fYHjZoA8wvHzajv9P55DYiI8UnoV0W403HA/exec",
	"serverUrls": [
		"https://script.google.com/macros/s/AKfycbwGx2_5a6IwcNI2YZuz2AZvb1J-7Y8Ulk5fYHjZoA8wvHzajv9P55DYiI8UnoV0W403HA/exec",
		"https://hcilab.ml/overhead/api"	
	],
	"socketUrl": "http://hcilab.ml:5000",
	"studyDurationDays": 7,
	"studyDurationMins": 3600,
	"sandbox": false,
	"groupId": "GN",
	"mode": "PROTOCOL",
	"protocol": [{
		"mode": "PASSIVE",
		"durationMins": 1
	},{
		"mode": "ACTIVE",
		"durationMins": 1
	},{
		"mode": "FINISH",
		"durationMins": 1
	}],
	"settings": {
		"not_page": true,
		"not_brow": true,
		"msg_requ": true,
		"msg_work": true,
		"not_whil": true,
		"num_task": 5
	},
	"surveyLinks": {
		"PASSIVE": {
			"0": "https://docs.google.com/forms/d/e/1FAIpQLSe2XInPGnb9EI539KyUiBNr6gcmRNPzg55LRUaEmXFtx_3zqg/viewform?usp=sf_link",
			"1": "https://docs.google.com/forms/d/e/1FAIpQLSe2XInPGnb9EI539KyUiBNr6gcmRNPzg55LRUaEmXFtx_3zqg/viewform?usp=sf_link",
			"2": "https://docs.google.com/forms/d/e/1FAIpQLSe2XInPGnb9EI539KyUiBNr6gcmRNPzg55LRUaEmXFtx_3zqg/viewform?usp=sf_link",
			"3": "https://docs.google.com/forms/d/e/1FAIpQLSe2XInPGnb9EI539KyUiBNr6gcmRNPzg55LRUaEmXFtx_3zqg/viewform?usp=sf_link",
			"4": "https://docs.google.com/forms/d/e/1FAIpQLSe2XInPGnb9EI539KyUiBNr6gcmRNPzg55LRUaEmXFtx_3zqg/viewform?usp=sf_link",
			"5": "https://docs.google.com/forms/d/e/1FAIpQLSe2XInPGnb9EI539KyUiBNr6gcmRNPzg55LRUaEmXFtx_3zqg/viewform?usp=sf_link",
			"6": "https://docs.google.com/forms/d/e/1FAIpQLSe2XInPGnb9EI539KyUiBNr6gcmRNPzg55LRUaEmXFtx_3zqg/viewform?usp=sf_link"
		},
		"ACTIVE": {
			"0": "https://docs.google.com/forms/d/e/1FAIpQLSe2XInPGnb9EI539KyUiBNr6gcmRNPzg55LRUaEmXFtx_3zqg/viewform?usp=sf_link",
			"1": "https://docs.google.com/forms/d/e/1FAIpQLSe2XInPGnb9EI539KyUiBNr6gcmRNPzg55LRUaEmXFtx_3zqg/viewform?usp=sf_link",
			"2": "https://docs.google.com/forms/d/e/1FAIpQLSe2XInPGnb9EI539KyUiBNr6gcmRNPzg55LRUaEmXFtx_3zqg/viewform?usp=sf_link",
			"3": "https://docs.google.com/forms/d/e/1FAIpQLSe2XInPGnb9EI539KyUiBNr6gcmRNPzg55LRUaEmXFtx_3zqg/viewform?usp=sf_link",
			"4": "https://docs.google.com/forms/d/e/1FAIpQLSe2XInPGnb9EI539KyUiBNr6gcmRNPzg55LRUaEmXFtx_3zqg/viewform?usp=sf_link",
			"5": "https://docs.google.com/forms/d/e/1FAIpQLSe2XInPGnb9EI539KyUiBNr6gcmRNPzg55LRUaEmXFtx_3zqg/viewform?usp=sf_link",
			"6": "https://docs.google.com/forms/d/e/1FAIpQLSe2XInPGnb9EI539KyUiBNr6gcmRNPzg55LRUaEmXFtx_3zqg/viewform?usp=sf_link"
		}
	}
}