{
	"supported": ["EN", "ES", "RU"],
	"texts": {
		"EN": {
			"tasks": "Tasks",
			"settings": "Settings",
			"close": "Close",
			"start": "Start",
			"cancel": "Cancel",
			"save": "Save",
			"days": "Days",
			"hours": "Hours",
			"minutes": "Minutes",
			"seconds": "Seconds",
			"type": "type",
			"pertask": "per task",
			"maxpay": "max pay",
			"time": "time",
			"maxtime": "max time",
			"acceptance": "acceptance",
			"requester": "requester",
			"insite": "Enable in-site notifications",
			"inbrowser": "Enable in-browser notifications",
			"msgreq": "Enable requester messages",
			"msgwor": "Enable worker messages",
			"notwhile": "Display notifications while working",
			"numtask": "Number of suggested tasks",
			"disabled": "This feature is disabled.",
			"completed": "You have completed the user study, you will be paid for a last survey.",
			"linksurvey": "Click here to complete the survey",
			"msgpassive": "The tool is in innactive mode, it will be activated in ",
			"surreminder": "Please ensure that you have completed the today's survey to receive your daily pay.",
			"keeptool": "Please keep the tool installed for the next ",
			"todaysurl": "🪙 Today's payment link",
			"timeleft": "Remaining time"
		},
		"ES": {
			"tasks": "Tareas",
			"settings": "Configuraciones",
			"close": "Cerrar",
			"start": "Iniciar",
			"cancel": "Cancelar",
			"save": "Guardar",
			"days": "Dias",
			"hours": "Horas",
			"minutes": "Minutos",
			"seconds": "Segundos",
			"type": "tipo",
			"pertask": "por tarea",
			"maxpay": "max pago",
			"time": "tiempo",
			"maxtime": "max tie",
			"acceptance": "aceptacion",
			"requester": "empleador",
			"insite": "Habilitar alertas dentro del sitio",
			"inbrowser": "Habilitar alertas del navegador",
			"msgreq": "Habilitar mensajes de empleadores",
			"msgwor": "Habilitar mensajes de trabajadores",
			"notwhile": "Recibir notificaciones mientras trabajas",
			"numtask": "Numero de tareas sugeridas",
			"disabled": "Esta funcionalidad esta desabilitada.",
			"completed": "Has completado el estudio. Ahora te corresponde completar una ultima tarea pagada.",
			"linksurvey": "Dar click aqui para completar la encuesta",
			"msgpassive": "La herramienta esta en modo inactivo y sera activida en ",
			"surreminder": "Asegúrese de haber completado la encuesta de hoy para recibir su pago diario.",
			"keeptool": "Porfavor manten la herramienta instalada por los siguientes ",
			"todaysurl": "🪙 Liga de pago diaria",
			"timeleft": "Tiempo restante"
		},
		"RU": {
			"tasks": "Задания", 
			"settings": "Настройки", 
			"close": "Закрыть", 
			"start": "Начинать",
			"cancel": "Oтмените ", 
			"save": "Сохранять",                                       
			"days": "Дней", 
			"hours": "Часы", 
			"minutes": "Минуты", 
			"seconds": "Секунды", 
			"type": "тип", 
			"pertask": "за задачу",
			"maxpay": "максимальная оплата",
			"time": "время",
			"maxtime": "максимальное время",
			"acceptance": "принятие",
			"requester": "запрашивающий",
			"insite": "Включить нотификацию на сайте.",
			"inbrowser": "Включите нотификацию в браузере.", 
			"msgreq": "Включить сообщения от запрашивающий.", 
			"msgwor": "Включить сообщения от работников.", 
			"notwhile": "Показывать нотификации во время работы.", 
			"numtask": "Количество предложенных задач", 
			"disabled": "Эта функция отключена.", 
			"completed": "Вы закончили изучение пользователей. Вам будут платить за финальный опрос.", 
			"linksurvey": "Щелкните здесь, чтобы заполнить анкету.", 
			"msgpassive": "Инструмент находится в неактивном режиме. Он будет активирован через ", 
			"surreminder": "Убедитесь, что вы заполнили сегодняшнюю анкету, чтобы получать ежедневную зарплату.", 
			"keeptool": "Пожалуйста, оставьте инструмент установленным на ",
			"todaysurl": "🪙 Ссылка на сегодняшнюю оплату",
			"timeleft": "Оставшееся время"
		}
	}
}